[
  { "id": "ADMIN001", "name": "Admin User", "email": "admin@example.com", "isAdmin": true },
  { "id": "HEAD001", "name": "Headmaster", "email": "headmaster@example.com", "isHeadmaster": true },
  { "id": "SMKBU001", "name": "CtNoor", "email": "ctnoor03razak@gmail.com", "isAdmin": true, "isPowerUser": true },
  { "id": "SMKBU002", "name": "Saidi", "email": "saidi@gmail.comm", "isAdmin": true, "isPowerUser": true },
  { "id": "SMKBU003", "name": "Karim", "email": "karim@example.com", "isAdmin": false, "isPowerUser": false },
  { "id": "SMKBU004", "name": "Jamal", "email": "jamal@example.com", "isAdmin": false, "isPowerUser": false }
]
